// Comment line starts with //.   Any blank line will be ignored as well.,,,,,,,,,,,,,,,,,,,,
// CBCR Header record. The doc has one header record.,,,,,,,,,,,,,,,,,,,,
CBCR_Header,name,code,description,reportingEntityCode,currencyCode,resCountryCode,accountingStandard,reportingPeriod,,,,,,,,,,,,
,EY Sample Corp,EySampleCorp,"A sample CBCR report that government gets from its taxpayer, constructed by EY",RU=03389,USD,US,US GAAP,2014-12-31,,,,,,,,,,,,
,,,,,,,,,,,,,,,,,,,,
// CBCR_Entity records. One record for each entity included in the CBCR report,,,,,,,,,,,,,,,,,,,,
CBCR_Entity,name,entityCode,description,taxIdNum,incorpCountryCode,otherEntityInfo,resCountryCode,idNum,isPermanentEstablishment,addrLegalType,addrCountryCode,addrFreeText,addrStreet,addrBuildingIdentifier,addrSuiteIdentifier,addrFloorIdentifier,addrPOB,addrPostCode,addrCity,addrCountrySubentity
,Demo Entity 1,RU=03389,Demo Entity 1,RU=03389,AR,,AR,,0,,AR,,,,,,,,,
,Demo Entity 2,RU=04054,Demo Entity 2,RU=04054,AR,,AR,,0,,AR,,,,,,,,,
,Demo Entity 3,RU=05686,Demo Entity 3,RU=05686,AR,,AR,,0,,AR,,,,,,,,,
,Demo Entity 4,RU=00192,Demo Entity 4,RU=00192,AU,,AU,,0,,AU,,,,,,,,,
,Demo Entity 5,RU=60579,Demo Entity 5,RU=60579,AU,,AU,,0,,AU,,,,,,,,,
,Demo Entity 6,RU=00307,Demo Entity 6,RU=00307,AT,,AT,,0,,AT,,,,,,,,,
,Demo Entity 7,RU=06062,Demo Entity 7,RU=06062,AT,,AT,,0,,AT,,,,,,,,,
,Demo Entity 8,RU=00001,Demo Entity 8,RU=00001,BE,,BE,,0,,BE,,,,,,,,,
,Demo Entity 9,RU=00003,Demo Entity 9,RU=00003,BE,,BE,,0,,BE,,,,,,,,,
,Demo Entity 10,RU=00005,Demo Entity 10,RU=00005,BE,,BE,,0,,BE,,,,,,,,,
,Demo Entity 11,RU=00231,Demo Entity 11,RU=00231,BE,,BE,,0,,BE,,,,,,,,,
,Demo Entity 12,RU=00237,Demo Entity 12,RU=00237,BE,,BE,,0,,BE,,,,,,,,,
,Demo Entity 13,RU=00292,Demo Entity 13,RU=00292,BE,,BE,,0,,BE,,,,,,,,,
,Demo Entity 14,RU=00454,Demo Entity 14,RU=00454,BE,,BE,,0,,BE,,,,,,,,,
,Demo Entity 15,RU=01205,Demo Entity 15,RU=01205,BE,,BE,,0,,BE,,,,,,,,,
,Demo Entity 16,RU=01419,Demo Entity 16,RU=01419,BE,,BE,,0,,BE,,,,,,,,,
,Demo Entity 17,RU=01426,Demo Entity 17,RU=01426,BE,,BE,,0,,BE,,,,,,,,,
,Demo Entity 18,RU=03445,Demo Entity 18,RU=03445,BE,,BE,,0,,BE,,,,,,,,,
,Demo Entity 19,RU=05649,Demo Entity 19,RU=05649,BE,,BE,,0,,BE,,,,,,,,,
,Demo Entity 20,RU=05672,Demo Entity 20,RU=05672,BE,,BE,,0,,BE,,,,,,,,,
,Demo Entity 21,RU=05697,Demo Entity 21,RU=05697,BE,,BE,,0,,BE,,,,,,,,,
,Demo Entity 22,RU=05763,Demo Entity 22,RU=05763,BE,,BE,,0,,BE,,,,,,,,,
,Demo Entity 23,RU=05898,Demo Entity 23,RU=05898,BE,,BE,,0,,BE,,,,,,,,,
,Demo Entity 24,RU=05974,Demo Entity 24,RU=05974,BE,,BE,,0,,BE,,,,,,,,,
,Demo Entity 25,RU=05978,Demo Entity 25,RU=05978,BE,,BE,,0,,BE,,,,,,,,,
,Demo Entity 26,RU=05990,Demo Entity 26,RU=05990,BE,,BE,,0,,BE,,,,,,,,,
,Demo Entity 27,RU=06035,Demo Entity 27,RU=06035,BE,,BE,,0,,BE,,,,,,,,,
,Demo Entity 28,RU=06050,Demo Entity 28,RU=06050,BE,,BE,,0,,BE,,,,,,,,,
,Demo Entity 29,RU=06070,Demo Entity 29,RU=06070,BE,,BE,,0,,BE,,,,,,,,,
,Demo Entity 30,RU=06233,Demo Entity 30,RU=06233,BE,,BE,,0,,BE,,,,,,,,,
,Demo Entity 31,RU=06234,Demo Entity 31,RU=06234,BE,,BE,,0,,BE,,,,,,,,,
,Demo Entity 32,RU=75700,Demo Entity 32,RU=75700,BE,,BE,,0,,BE,,,,,,,,,
,Demo Entity 33,RU=91130,Demo Entity 33,RU=91130,BZ,,BZ,,0,,BZ,,,,,,,,,
,Demo Entity 34,RU=91330,Demo Entity 34,RU=91330,BZ,,BZ,,0,,BZ,,,,,,,,,
,Demo Entity 35,RU=00309,Demo Entity 35,RU=00309,BR,,BR,,0,,BR,,,,,,,,,
,Demo Entity 36,RU=05685,Demo Entity 36,RU=05685,BR,,BR,,0,,BR,,,,,,,,,
,Demo Entity 37,RU=06056,Demo Entity 37,RU=06056,BR,,BR,,0,,BR,,,,,,,,,
,Demo Entity 38,RU=62960,Demo Entity 38,RU=62960,BR,,BR,,0,,BR,,,,,,,,,
,Demo Entity 39,RU=63755,Demo Entity 39,RU=63755,BR,,BR,,0,,BR,,,,,,,,,
,Demo Entity 40,RU=65113,Demo Entity 40,RU=65113,BR,,BR,,0,,BR,,,,,,,,,
,Demo Entity 41,RU=68641,Demo Entity 41,RU=68641,BR,,BR,,0,,BR,,,,,,,,,
,Demo Entity 42,RU=71586,Demo Entity 42,RU=71586,BR,,BR,,0,,BR,,,,,,,,,
,Demo Entity 43,RU=75233,Demo Entity 43,RU=75233,BR,,BR,,0,,BR,,,,,,,,,
,Demo Entity 44,RU=75800,Demo Entity 44,RU=75800,BR,,BR,,0,,BR,,,,,,,,,
,Demo Entity 45,RU=81500,Demo Entity 45,RU=81500,BR,,BR,,0,,BR,,,,,,,,,
,Demo Entity 46,RU=95681,Demo Entity 46,RU=95681,BR,,BR,,0,,BR,,,,,,,,,
,Demo Entity 47,RU=95682,Demo Entity 47,RU=95682,BR,,BR,,0,,BR,,,,,,,,,
,Demo Entity 48,RU=03443,Demo Entity 48,RU=03443,BG,,BG,,0,,BG,,,,,,,,,
,Demo Entity 49,RU=76550,Demo Entity 49,RU=76550,CA,,CA,,0,,CA,,,,,,,,,
,Demo Entity 50,RU=05020,Demo Entity 50,RU=05020,KY,,KY,,0,,KY,,,,,,,,,
,Demo Entity 51,RU=05876,Demo Entity 51,RU=05876,CN,,CN,,0,,CN,,,,,,,,,
,Demo Entity 52,RU=05970,Demo Entity 52,RU=05970,CN,,CN,,0,,CN,,,,,,,,,
,Demo Entity 53,RU=05991,Demo Entity 53,RU=05991,CN,,CN,,0,,CN,,,,,,,,,
,Demo Entity 54,RU=05993,Demo Entity 54,RU=05993,CN,,CN,,0,,CN,,,,,,,,,
,Demo Entity 55,RU=06078,Demo Entity 55,RU=06078,CN,,CN,,0,,CN,,,,,,,,,
,Demo Entity 56,RU=06258,Demo Entity 56,RU=06258,CN,,CN,,0,,CN,,,,,,,,,
,Demo Entity 57,RU=61830,Demo Entity 57,RU=61830,CN,,CN,,0,,CN,,,,,,,,,
,Demo Entity 58,RU=65268,Demo Entity 58,RU=65268,CN,,CN,,0,,CN,,,,,,,,,
,Demo Entity 59,RU=65773,Demo Entity 59,RU=65773,CN,,CN,,0,,CN,,,,,,,,,
,Demo Entity 60,RU=68114,Demo Entity 60,RU=68114,CN,,CN,,0,,CN,,,,,,,,,
,Demo Entity 61,RU=68574,Demo Entity 61,RU=68574,CN,,CN,,0,,CN,,,,,,,,,
,Demo Entity 62,RU=68596,Demo Entity 62,RU=68596,CN,,CN,,0,,CN,,,,,,,,,
,Demo Entity 63,RU=68752,Demo Entity 63,RU=68752,CN,,CN,,0,,CN,,,,,,,,,
,Demo Entity 64,RU=68782,Demo Entity 64,RU=68782,CN,,CN,,0,,CN,,,,,,,,,
,Demo Entity 65,RU=74053,Demo Entity 65,RU=74053,CN,,CN,,0,,CN,,,,,,,,,
,Demo Entity 66,RU=74992,Demo Entity 66,RU=74992,CN,,CN,,0,,CN,,,,,,,,,
,Demo Entity 67,RU=77281,Demo Entity 67,RU=77281,CN,,CN,,0,,CN,,,,,,,,,
,Demo Entity 68,RU=77971,Demo Entity 68,RU=77971,CN,,CN,,0,,CN,,,,,,,,,
,Demo Entity 69,RU=78104,Demo Entity 69,RU=78104,CN,,CN,,0,,CN,,,,,,,,,
,Demo Entity 70,RU=78115,Demo Entity 70,RU=78115,CN,,CN,,0,,CN,,,,,,,,,
,Demo Entity 71,RU=06046,Demo Entity 71,RU=06046,EG,,EG,,0,,EG,,,,,,,,,
,Demo Entity 72,RU=00143,Demo Entity 72,RU=00143,FI,,FI,,0,,FI,,,,,,,,,
,Demo Entity 73,RU=00020,Demo Entity 73,RU=00020,FR,,FR,,0,,FR,,,,,,,,,
,Demo Entity 74,RU=00244,Demo Entity 74,RU=00244,FR,,FR,,0,,FR,,,,,,,,,
,Demo Entity 75,RU=00861,Demo Entity 75,RU=00861,FR,,FR,,0,,FR,,,,,,,,,
,Demo Entity 76,RU=01422,Demo Entity 76,RU=01422,FR,,FR,,0,,FR,,,,,,,,,
,Demo Entity 77,RU=01428,Demo Entity 77,RU=01428,FR,,FR,,0,,FR,,,,,,,,,
,Demo Entity 78,RU=03467,Demo Entity 78,RU=03467,FR,,FR,,0,,FR,,,,,,,,,
,Demo Entity 79,RU=03468,Demo Entity 79,RU=03468,FR,,FR,,0,,FR,,,,,,,,,
,Demo Entity 80,RU=03469,Demo Entity 80,RU=03469,FR,,FR,,0,,FR,,,,,,,,,
,Demo Entity 81,RU=03470,Demo Entity 81,RU=03470,FR,,FR,,0,,FR,,,,,,,,,
,Demo Entity 82,RU=03471,Demo Entity 82,RU=03471,FR,,FR,,0,,FR,,,,,,,,,
,Demo Entity 83,RU=03490,Demo Entity 83,RU=03490,FR,,FR,,0,,FR,,,,,,,,,
,Demo Entity 84,RU=04274,Demo Entity 84,RU=04274,FR,,FR,,0,,FR,,,,,,,,,
,Demo Entity 85,RU=05622,Demo Entity 85,RU=05622,FR,,FR,,0,,FR,,,,,,,,,
,Demo Entity 86,RU=05639,Demo Entity 86,RU=05639,FR,,FR,,0,,FR,,,,,,,,,
,Demo Entity 87,RU=05982,Demo Entity 87,RU=05982,FR,,FR,,0,,FR,,,,,,,,,
,Demo Entity 88,RU=05983,Demo Entity 88,RU=05983,FR,,FR,,0,,FR,,,,,,,,,
,Demo Entity 89,RU=06082,Demo Entity 89,RU=06082,FR,,FR,,0,,FR,,,,,,,,,
,Demo Entity 90,RU=06246,Demo Entity 90,RU=06246,FR,,FR,,0,,FR,,,,,,,,,
,Demo Entity 91,RU=10002,Demo Entity 91,RU=10002,FR,,FR,,0,,FR,,,,,,,,,
,Demo Entity 92,RU=10440,Demo Entity 92,RU=10440,FR,,FR,,0,,FR,,,,,,,,,
,Demo Entity 93,RU=38652,Demo Entity 93,RU=38652,FR,,FR,,0,,FR,,,,,,,,,
,Demo Entity 94,RU=39190,Demo Entity 94,RU=39190,FR,,FR,,0,,FR,,,,,,,,,
,Demo Entity 95,RU=39442,Demo Entity 95,RU=39442,FR,,FR,,0,,FR,,,,,,,,,
,Demo Entity 96,RU=39727,Demo Entity 96,RU=39727,FR,,FR,,0,,FR,,,,,,,,,
,Demo Entity 97,RU=39761,Demo Entity 97,RU=39761,FR,,FR,,0,,FR,,,,,,,,,
,Demo Entity 98,RU=40032,Demo Entity 98,RU=40032,FR,,FR,,0,,FR,,,,,,,,,
,Demo Entity 99,RU=40043,Demo Entity 99,RU=40043,FR,,FR,,0,,FR,,,,,,,,,
,Demo Entity 100,RU=40251,Demo Entity 100,RU=40251,FR,,FR,,0,,FR,,,,,,,,,
,Demo Entity 101,RU=55862,Demo Entity 101,RU=55862,FR,,FR,,0,,FR,,,,,,,,,
,Demo Entity 102,RU=57230,Demo Entity 102,RU=57230,FR,,FR,,0,,FR,,,,,,,,,
,Demo Entity 103,RU=95756,Demo Entity 103,RU=95756,FR,,FR,,0,,FR,,,,,,,,,
,Demo Entity 104,RU=00212,Demo Entity 104,RU=00212,DE,,DE,,0,,DE,,,,,,,,,
,Demo Entity 105,RU=00274,Demo Entity 105,RU=00274,DE,,DE,,0,,DE,,,,,,,,,
,Demo Entity 106,RU=00276,Demo Entity 106,RU=00276,DE,,DE,,0,,DE,,,,,,,,,
,Demo Entity 107,RU=01196,Demo Entity 107,RU=01196,DE,,DE,,0,,DE,,,,,,,,,
,Demo Entity 108,RU=01424,Demo Entity 108,RU=01424,DE,,DE,,0,,DE,,,,,,,,,
,Demo Entity 109,RU=04056,Demo Entity 109,RU=04056,DE,,DE,,0,,DE,,,,,,,,,
,Demo Entity 110,RU=04058,Demo Entity 110,RU=04058,DE,,DE,,0,,DE,,,,,,,,,
,Demo Entity 111,RU=04060,Demo Entity 111,RU=04060,DE,,DE,,0,,DE,,,,,,,,,
,Demo Entity 112,RU=05642,Demo Entity 112,RU=05642,DE,,DE,,0,,DE,,,,,,,,,
,Demo Entity 113,RU=05674,Demo Entity 113,RU=05674,DE,,DE,,0,,DE,,,,,,,,,
,Demo Entity 114,RU=05869,Demo Entity 114,RU=05869,DE,,DE,,0,,DE,,,,,,,,,
,Demo Entity 115,RU=05907,Demo Entity 115,RU=05907,DE,,DE,,0,,DE,,,,,,,,,
,Demo Entity 116,RU=05965,Demo Entity 116,RU=05965,DE,,DE,,0,,DE,,,,,,,,,
,Demo Entity 117,RU=06063,Demo Entity 117,RU=06063,DE,,DE,,0,,DE,,,,,,,,,
,Demo Entity 118,RU=06267,Demo Entity 118,RU=06267,DE,,DE,,0,,DE,,,,,,,,,
,Demo Entity 119,RU=06288,Demo Entity 119,RU=06288,DE,,DE,,0,,DE,,,,,,,,,
,Demo Entity 120,RU=06289,Demo Entity 120,RU=06289,DE,,DE,,0,,DE,,,,,,,,,
,Demo Entity 121,RU=06290,Demo Entity 121,RU=06290,DE,,DE,,0,,DE,,,,,,,,,
,Demo Entity 122,RU=06291,Demo Entity 122,RU=06291,DE,,DE,,0,,DE,,,,,,,,,
,Demo Entity 123,RU=06292,Demo Entity 123,RU=06292,DE,,DE,,0,,DE,,,,,,,,,
,Demo Entity 124,RU=61117,Demo Entity 124,RU=61117,DE,,DE,,0,,DE,,,,,,,,,
,Demo Entity 125,RU=64501,Demo Entity 125,RU=64501,DE,,DE,,0,,DE,,,,,,,,,
,Demo Entity 126,RU=68793,Demo Entity 126,RU=68793,DE,,DE,,0,,DE,,,,,,,,,
,Demo Entity 127,RU=77291,Demo Entity 127,RU=77291,DE,,DE,,0,,DE,,,,,,,,,
,Demo Entity 128,RU=94058,Demo Entity 128,RU=94058,DE,,DE,,0,,DE,,,,,,,,,
,Demo Entity 129,RU=95642,Demo Entity 129,RU=95642,DE,,DE,,0,,DE,,,,,,,,,
,Demo Entity 130,RU=05955,Demo Entity 130,RU=05955,IN,,IN,,0,,IN,,,,,,,,,
,Demo Entity 131,RU=60591,Demo Entity 131,RU=60591,IN,,IN,,0,,IN,,,,,,,,,
,Demo Entity 132,RU=63481,Demo Entity 132,RU=63481,IN,,IN,,0,,IN,,,,,,,,,
,Demo Entity 133,RU=71542,Demo Entity 133,RU=71542,IN,,IN,,0,,IN,,,,,,,,,
,Demo Entity 134,RU=05854,Demo Entity 134,RU=05854,IE,,IE,,0,,IE,,,,,,,,,
,Demo Entity 135,RU=00210,Demo Entity 135,RU=00210,IT,,IT,,0,,IT,,,,,,,,,
,Demo Entity 136,RU=00270,Demo Entity 136,RU=00270,IT,,IT,,0,,IT,,,,,,,,,
,Demo Entity 137,RU=00279,Demo Entity 137,RU=00279,IT,,IT,,0,,IT,,,,,,,,,
,Demo Entity 138,RU=00345,Demo Entity 138,RU=00345,IT,,IT,,0,,IT,,,,,,,,,
,Demo Entity 139,RU=01425,Demo Entity 139,RU=01425,IT,,IT,,0,,IT,,,,,,,,,
,Demo Entity 140,RU=02447,Demo Entity 140,RU=02447,IT,,IT,,0,,IT,,,,,,,,,
,Demo Entity 141,RU=03459,Demo Entity 141,RU=03459,IT,,IT,,0,,IT,,,,,,,,,
,Demo Entity 142,RU=05711,Demo Entity 142,RU=05711,IT,,IT,,0,,IT,,,,,,,,,
,Demo Entity 143,RU=05835,Demo Entity 143,RU=05835,IT,,IT,,0,,IT,,,,,,,,,
,Demo Entity 144,RU=05881,Demo Entity 144,RU=05881,IT,,IT,,0,,IT,,,,,,,,,
,Demo Entity 145,RU=05894,Demo Entity 145,RU=05894,IT,,IT,,0,,IT,,,,,,,,,
,Demo Entity 146,RU=62770,Demo Entity 146,RU=62770,IT,,IT,,0,,IT,,,,,,,,,
,Demo Entity 147,RU=80902,Demo Entity 147,RU=80902,IT,,IT,,0,,IT,,,,,,,,,
,Demo Entity 148,RU=00360,Demo Entity 148,RU=00360,JP,,JP,,0,,JP,,,,,,,,,
,Demo Entity 149,RU=05846,Demo Entity 149,RU=05846,JP,,JP,,0,,JP,,,,,,,,,
,Demo Entity 150,RU=61106,Demo Entity 150,RU=61106,JP,,JP,,0,,JP,,,,,,,,,
,Demo Entity 151,RU=74183,Demo Entity 151,RU=74183,JP,,JP,,0,,JP,,,,,,,,,
,Demo Entity 152,RU=76219,Demo Entity 152,RU=76219,JP,,JP,,0,,JP,,,,,,,,,
,Demo Entity 153,RU=91140,Demo Entity 153,RU=91140,KI,,KI,,0,,KI,,,,,,,,,
,Demo Entity 154,RU=91141,Demo Entity 154,RU=91141,KI,,KI,,0,,KI,,,,,,,,,
,Demo Entity 155,RU=91340,Demo Entity 155,RU=91340,KI,,KI,,0,,KI,,,,,,,,,
,Demo Entity 156,RU=04233,Demo Entity 156,RU=04233,LU,,LU,,0,,LU,,,,,,,,,
,Demo Entity 157,RU=05901,Demo Entity 157,RU=05901,LU,,LU,,0,,LU,,,,,,,,,
,Demo Entity 158,RU=06044,Demo Entity 158,RU=06044,LU,,LU,,0,,LU,,,,,,,,,
,Demo Entity 159,RU=06211,Demo Entity 159,RU=06211,LU,,LU,,0,,LU,,,,,,,,,
,Demo Entity 160,RU=06294,Demo Entity 160,RU=06294,LU,,LU,,0,,LU,,,,,,,,,
,Demo Entity 161,RU=05720,Demo Entity 161,RU=05720,MX,,MX,,0,,MX,,,,,,,,,
,Demo Entity 162,RU=05726,Demo Entity 162,RU=05726,MX,,MX,,0,,MX,,,,,,,,,
,Demo Entity 163,RU=05836,Demo Entity 163,RU=05836,MX,,MX,,0,,MX,,,,,,,,,
,Demo Entity 164,RU=05837,Demo Entity 164,RU=05837,MX,,MX,,0,,MX,,,,,,,,,
,Demo Entity 165,RU=06300,Demo Entity 165,RU=06300,MX,,MX,,0,,MX,,,,,,,,,
,Demo Entity 166,RU=65651,Demo Entity 166,RU=65651,MX,,MX,,0,,MX,,,,,,,,,
,Demo Entity 167,RU=74250,Demo Entity 167,RU=74250,MX,,MX,,0,,MX,,,,,,,,,
,Demo Entity 168,RU=03450,Demo Entity 168,RU=03450,NA,,NA,,0,,NA,,,,,,,,,
,Demo Entity 169,RU=03451,Demo Entity 169,RU=03451,NA,,NA,,0,,NA,,,,,,,,,
,Demo Entity 170,RU=00012,Demo Entity 170,RU=00012,NL,,NL,,0,,NL,,,,,,,,,
,Demo Entity 171,RU=00294,Demo Entity 171,RU=00294,NL,,NL,,0,,NL,,,,,,,,,
,Demo Entity 172,RU=05997,Demo Entity 172,RU=05997,NL,,NL,,0,,NL,,,,,,,,,
,Demo Entity 173,RU=06012,Demo Entity 173,RU=06012,NL,,NL,,0,,NL,,,,,,,,,
,Demo Entity 174,RU=60691,Demo Entity 174,RU=60691,NL,,NL,,0,,NL,,,,,,,,,
,Demo Entity 175,RU=69757,Demo Entity 175,RU=69757,NZ,,NZ,,0,,NZ,,,,,,,,,
,Demo Entity 176,RU=62683,Demo Entity 176,RU=62683,PL,,PL,,0,,PL,,,,,,,,,
,Demo Entity 177,RU=75311,Demo Entity 177,RU=75311,PL,,PL,,0,,PL,,,,,,,,,
,Demo Entity 178,RU=00128,Demo Entity 178,RU=00128,PT,,PT,,0,,PT,,,,,,,,,
,Demo Entity 179,RU=00306,Demo Entity 179,RU=00306,PT,,PT,,0,,PT,,,,,,,,,
,Demo Entity 180,RU=01429,Demo Entity 180,RU=01429,PT,,PT,,0,,PT,,,,,,,,,
,Demo Entity 181,RU=05960,Demo Entity 181,RU=05960,PT,,PT,,0,,PT,,,,,,,,,
,Demo Entity 182,RU=05785,Demo Entity 182,RU=05785,RU,,RU,,0,,RU,,,,,,,,,
,Demo Entity 183,RU=78980,Demo Entity 183,RU=78980,RU,,RU,,0,,RU,,,,,,,,,
,Demo Entity 184,RU=96019,Demo Entity 184,RU=96019,RU,,RU,,0,,RU,,,,,,,,,
,Demo Entity 185,RU=00364,Demo Entity 185,RU=00364,SG,,SG,,0,,SG,,,,,,,,,
,Demo Entity 186,RU=05992,Demo Entity 186,RU=05992,SG,,SG,,0,,SG,,,,,,,,,
,Demo Entity 187,RU=06266,Demo Entity 187,RU=06266,SG,,SG,,0,,SG,,,,,,,,,
,Demo Entity 188,RU=60624,Demo Entity 188,RU=60624,SG,,SG,,0,,SG,,,,,,,,,
,Demo Entity 189,RU=74973,Demo Entity 189,RU=74973,SG,,SG,,0,,SG,,,,,,,,,
,Demo Entity 190,RU=00387,Demo Entity 190,RU=00387,KR,,KR,,0,,KR,,,,,,,,,
,Demo Entity 191,RU=03383,Demo Entity 191,RU=03383,KR,,KR,,0,,KR,,,,,,,,,
,Demo Entity 192,RU=05957,Demo Entity 192,RU=05957,KR,,KR,,0,,KR,,,,,,,,,
,Demo Entity 193,RU=67460,Demo Entity 193,RU=67460,KR,,KR,,0,,KR,,,,,,,,,
,Demo Entity 194,RU=68630,Demo Entity 194,RU=68630,KR,,KR,,0,,KR,,,,,,,,,
,Demo Entity 195,RU=75255,Demo Entity 195,RU=75255,KR,,KR,,0,,KR,,,,,,,,,
,Demo Entity 196,RU=00245,Demo Entity 196,RU=00245,KR,,KR,,0,,KR,,,,,,,,,
,Demo Entity 197,RU=01427,Demo Entity 197,RU=01427,KR,,KR,,0,,KR,,,,,,,,,
,Demo Entity 198,RU=03454,Demo Entity 198,RU=03454,KR,,KR,,0,,KR,,,,,,,,,
,Demo Entity 199,RU=05696,Demo Entity 199,RU=05696,KR,,KR,,0,,KR,,,,,,,,,
,Demo Entity 200,RU=05713,Demo Entity 200,RU=05713,KR,,KR,,0,,KR,,,,,,,,,
,Demo Entity 201,RU=68826,Demo Entity 201,RU=68826,KR,,KR,,0,,KR,,,,,,,,,
,Demo Entity 202,RU=74161,Demo Entity 202,RU=74161,KR,,KR,,0,,KR,,,,,,,,,
,Demo Entity 203,RU=91120,Demo Entity 203,RU=91120,KN,,KN,,0,,KN,,,,,,,,,
,Demo Entity 204,RU=00062,Demo Entity 204,RU=00062,KN,,KN,,0,,KN,,,,,,,,,
,Demo Entity 205,RU=00125,Demo Entity 205,RU=00125,CH,,CH,,0,,CH,,,,,,,,,
,Demo Entity 206,RU=71708,Demo Entity 206,RU=71708,CH,,CH,,0,,CH,,,,,,,,,
,Demo Entity 207,RU=00366,Demo Entity 207,RU=00366,TH,,TH,,0,,TH,,,,,,,,,
,Demo Entity 208,RU=00974,Demo Entity 208,RU=00974,TH,,TH,,0,,TH,,,,,,,,,
,Demo Entity 209,RU=06020,Demo Entity 209,RU=06020,TH,,TH,,0,,TH,,,,,,,,,
,Demo Entity 210,RU=06027,Demo Entity 210,RU=06027,TH,,TH,,0,,TH,,,,,,,,,
,Demo Entity 211,RU=60668,Demo Entity 211,RU=60668,TH,,TH,,0,,TH,,,,,,,,,
,Demo Entity 212,RU=00240,Demo Entity 212,RU=00240,GB,,GB,,0,,GB,,,,,,,,,
,Demo Entity 213,RU=01473,Demo Entity 213,RU=01473,GB,,GB,,0,,GB,,,,,,,,,
,Demo Entity 214,RU=04265,Demo Entity 214,RU=04265,GB,,GB,,0,,GB,,,,,,,,,
,Demo Entity 215,RU=05658,Demo Entity 215,RU=05658,GB,,GB,,0,,GB,,,,,,,,,
,Demo Entity 216,RU=60513,Demo Entity 216,RU=60513,GB,,GB,,0,,GB,,,,,,,,,
,Demo Entity 217,RU=60680,Demo Entity 217,RU=60680,GB,,GB,,0,,GB,,,,,,,,,
,Demo Entity 218,RU=60809,Demo Entity 218,RU=60809,GB,,GB,,0,,GB,,,,,,,,,
,Demo Entity 219,RU=63911,Demo Entity 219,RU=63911,GB,,GB,,0,,GB,,,,,,,,,
,Demo Entity 220,RU=66285,Demo Entity 220,RU=66285,GB,,GB,,0,,GB,,,,,,,,,
,Demo Entity 221,RU=67710,Demo Entity 221,RU=67710,GB,,GB,,0,,GB,,,,,,,,,
,Demo Entity 222,RU=73920,Demo Entity 222,RU=73920,GB,,GB,,0,,GB,,,,,,,,,
,Demo Entity 223,RU=74435,Demo Entity 223,RU=74435,GB,,GB,,0,,GB,,,,,,,,,
,Demo Entity 224,RU=77810,Demo Entity 224,RU=77810,GB,,GB,,0,,GB,,,,,,,,,
,Demo Entity 225,RU=84499,Demo Entity 225,RU=84499,GB,,GB,,0,,GB,,,,,,,,,
,Demo Entity 226,RU=01430,Demo Entity 226,RU=01430,US,,US,,0,,US,,,,,,,,,
,Demo Entity 227,RU=03384,Demo Entity 227,RU=03384,US,,US,,0,,US,,,,,,,,,
,Demo Entity 228,RU=03460,Demo Entity 228,RU=03460,US,,US,,0,,US,,,,,,,,,
,Demo Entity 229,RU=04044,Demo Entity 229,RU=04044,US,,US,,0,,US,,,,,,,,,
,Demo Entity 230,RU=04045,Demo Entity 230,RU=04045,US,,US,,0,,US,,,,,,,,,
,Demo Entity 231,RU=04290,Demo Entity 231,RU=04290,US,,US,,0,,US,,,,,,,,,
,Demo Entity 232,RU=04291,Demo Entity 232,RU=04291,US,,US,,0,,US,,,,,,,,,
,Demo Entity 233,RU=05650,Demo Entity 233,RU=05650,US,,US,,0,,US,,,,,,,,,
,Demo Entity 234,RU=05718,Demo Entity 234,RU=05718,US,,US,,0,,US,,,,,,,,,
,Demo Entity 235,RU=05782,Demo Entity 235,RU=05782,US,,US,,0,,US,,,,,,,,,
,Demo Entity 236,RU=05792,Demo Entity 236,RU=05792,US,,US,,0,,US,,,,,,,,,
,Demo Entity 237,RU=05844,Demo Entity 237,RU=05844,US,,US,,0,,US,,,,,,,,,
,Demo Entity 238,RU=05884,Demo Entity 238,RU=05884,US,,US,,0,,US,,,,,,,,,
,Demo Entity 239,RU=05966,Demo Entity 239,RU=05966,US,,US,,0,,US,,,,,,,,,
,Demo Entity 240,RU=05976,Demo Entity 240,RU=05976,US,,US,,0,,US,,,,,,,,,
,Demo Entity 241,RU=06028,Demo Entity 241,RU=06028,US,,US,,0,,US,,,,,,,,,
,Demo Entity 242,RU=60316,Demo Entity 242,RU=60316,US,,US,,0,,US,,,,,,,,,
,Demo Entity 243,RU=60327,Demo Entity 243,RU=60327,US,,US,,0,,US,,,,,,,,,
,Demo Entity 244,RU=62820,Demo Entity 244,RU=62820,US,,US,,0,,US,,,,,,,,,
,Demo Entity 245,RU=62830,Demo Entity 245,RU=62830,US,,US,,0,,US,,,,,,,,,
,Demo Entity 246,RU=74249,Demo Entity 246,RU=74249,US,,US,,0,,US,,,,,,,,,
,Demo Entity 247,RU=94290,Demo Entity 247,RU=94290,US,,US,,0,,US,,,,,,,,,
,Demo Entity 248,RU=95782,Demo Entity 248,RU=95782,US,,US,,0,,US,,,,,,,,,
,Demo Entity 249,RU=97424,Demo Entity 249,RU=97424,US,,US,,0,,US,,,,,,,,,
,Demo Entity 250,RU=60787,Demo Entity 250,RU=60787,UY,,UY,,0,,UY,,,,,,,,,
,Demo Entity 251,RU=65146,Demo Entity 251,RU=65146,UY,,UY,,0,,UY,,,,,,,,,
,Demo Entity 252,RU=84893,Demo Entity 252,RU=84893,UY,,UY,,0,,UY,,,,,,,,,
,Demo Entity 253,RU=91110,Demo Entity 253,RU=91110,VA,,VA,,0,,VA,,,,,,,,,
,Demo Entity 254,RU=91111,Demo Entity 254,RU=91111,VA,,VA,,0,,VA,,,,,,,,,
,Demo Entity 255,RU=91115,Demo Entity 255,RU=91115,VA,,VA,,0,,VA,,,,,,,,,
,Demo Entity 256,RU=91150,Demo Entity 256,RU=91150,VA,,VA,,0,,VA,,,,,,,,,
,Demo Entity 257,RU=91210,Demo Entity 257,RU=91210,VA,,VA,,0,,VA,,,,,,,,,
,Demo Entity 258,RU=91310,Demo Entity 258,RU=91310,VA,,VA,,0,,VA,,,,,,,,,
,Demo Entity 259,RU=91350,Demo Entity 259,RU=91350,VA,,VA,,0,,VA,,,,,,,,,
,Demo Entity 260,RU=91410,Demo Entity 260,RU=91410,VA,,VA,,0,,VA,,,,,,,,,
,Demo Entity 261,RU=91510,Demo Entity 261,RU=91510,VA,,VA,,0,,VA,,,,,,,,,
,Demo Entity 262,RU=91610,Demo Entity 262,RU=91610,VA,,VA,,0,,VA,,,,,,,,,
,Demo Entity 263,RU=91910,Demo Entity 263,RU=91910,VA,,VA,,0,,VA,,,,,,,,,
,Demo Entity 264,RU=91914,Demo Entity 264,RU=91914,VA,,VA,,0,,VA,,,,,,,,,
,Demo Entity 265,RU=73942,Demo Entity 265,RU=73942,VE,,VE,,0,,VE,,,,,,,,,
,Demo Entity 256,RU=60784,Demo Entity 256,RU=60784,MX,,MX,,0,,MX,,,,,,,,,
,Demo Entity 257,RU=65144,Demo Entity 257,RU=65144,MX,,MX,,0,,MX,,,,,,,,,
,Demo Entity 258,RU=84898,Demo Entity 258,RU=84898,MX,,MX,,0,,MX,,,,,,,,,
,Demo Entity 259,RU=91147,Demo Entity 259,RU=91147,KE,,KE,,0,,KE,,,,,,,,,
,Demo Entity 260,RU=91195,Demo Entity 260,RU=91195,KE,,KE,,0,,KE,,,,,,,,,
,Demo Entity 261,RU=91355,Demo Entity 261,RU=91355,KE,,KE,,0,,KE,,,,,,,,,
,Demo Entity 262,RU=99578,Demo Entity 262,RU=99578,KE,,KE,,0,,KE,,,,,,,,,
,Demo Entity 263,RU=58769,Demo Entity 263,RU=58769,KE,,KE,,0,,KE,,,,,,,,,
,Demo Entity 264,RU=99875,Demo Entity 264,RU=99875,KE,,KE,,0,,KE,,,,,,,,,
,Demo Entity 265,RU=98550,Demo Entity 265,RU=98550,KE,,KE,,0,,KE,,,,,,,,,
,Demo Entity 266,RU=98546,Demo Entity 266,RU=98546,KE,,KE,,0,,KE,,,,,,,,,
,Demo Entity 267,RU=57849,Demo Entity 267,RU=57849,ZM,,ZM,,0,,ZM,,,,,,,,,
,Demo Entity 268,RU=91888,Demo Entity 268,RU=91888,ZM,,ZM,,0,,ZM,,,,,,,,,
,Demo Entity 269,RU=23456,Demo Entity 269,RU=23456,ZM,,ZM,,0,,ZM,,,,,,,,,
,Demo Entity 270,RU=98754,Demo Entity 270,RU=98754,ZM,,ZM,,0,,ZM,,,,,,,,,
,Demo Entity 271,RU=73987,Demo Entity 271,RU=73987,ZM,,ZM,,0,,ZM,,,,,,,,,
,Demo Entity 272,RU=04285,Demo Entity 272,RU=04285,PH,,PH,,0,,PH,,,,,,,,,
,Demo Entity 273,RU=05608,Demo Entity 273,RU=05608,PH,,PH,,0,,PH,,,,,,,,,
,Demo Entity 274,RU=05714,Demo Entity 274,RU=05714,PH,,PH,,0,,PH,,,,,,,,,
,Demo Entity 275,RU=05763,Demo Entity 275,RU=05763,PH,,PH,,0,,PH,,,,,,,,,
,Demo Entity 276,RU=05974,Demo Entity 276,RU=05974,PH,,PH,,0,,PH,,,,,,,,,
,Demo Entity 277,RU=05234,Demo Entity 277,RU=05234,PH,,PH,,0,,PH,,,,,,,,,
,Demo Entity 278,RU=05093,Demo Entity 278,RU=05093,PH,,PH,,0,,PH,,,,,,,,,
,Demo Entity 279,RU=78648,Demo Entity 279,RU=78648,PH,,PH,,0,,PH,,,,,,,,,
,Demo Entity 280,RU=87645,Demo Entity 280,RU=87645,PH,,PH,,0,,PH,,,,,,,,,
,Demo Entity 281,RU=87674,Demo Entity 281,RU=87674,RO,,RO,,0,,RO,,,,,,,,,
,Demo Entity 282,RU=60587,Demo Entity 282,RU=60587,RO,,RO,,0,,RO,,,,,,,,,
,Demo Entity 283,RU=60346,Demo Entity 283,RU=60346,RO,,RO,,0,,RO,,,,,,,,,
,Demo Entity 284,RU=12345,Demo Entity 284,RU=12345,RO,,RO,,0,,RO,,,,,,,,,
,Demo Entity 285,RU=67864,Demo Entity 285,RU=67864,RO,,RO,,0,,RO,,,,,,,,,
,Demo Entity 286,RU=74765,Demo Entity 286,RU=74765,RO,,RO,,0,,RO,,,,,,,,,
,Demo Entity 287,RU=94764,Demo Entity 287,RU=94764,RO,,RO,,0,,RO,,,,,,,,,
,,,,,,,,,,,,,,,,,,,,
,,,,,,,,,,,,,,,,,,,,
// CBCR_Table1 records. One record for each country included in the table 1 of CBCR.,,,,,,,,,,,,,,,,,,,,
CBCR_Table1 records. One record for each country included in the table 1 of CBCR.,taxJurisdiction,revenueUnrelatedParty,revenueRelatedParty,revenueTotal,plBeforeIncomeTax,incomeTaxPaid,incomeTaxAccrued,statedCapital,accumulatedEarnings,numberOfEmployees,tangibleAssetsNonCash,,,,,,,,,
,AR,"101,462","272,876","374,338","16,988","-3,833","5,414","116,385","69,895",886,"53,910",,,,,,,,,
,AU,796,"32,210","33,006","5,754","-2,420","1,931","5,542","12,500",80,"21,654",,,,,,,,,
,AT,"13,808",1,"13,809","9,814",-107,390,"13,627","-10,656",120,"9,890",,,,,,,,,
,BE,"1,730,982","3,631,275","5,362,257","1,724,412","-2,459","13,604","6,230,664","8,867,301","3,058","451,221",,,,,,,,,
,BZ,0,0,0,0,0,0,0,0,0,0,,,,,,,,,
,BR,"147,168","1,851,150","1,998,318","-61,875",-676,"4,379","568,279","368,637","6,916","798,258",,,,,,,,,
,BG,"6,801","18,742","25,542","2,142",-287,212,105,"2,937",27,"2,604",,,,,,,,,
,CA,2,"29,962","29,964","-2,623",23,-24,"26,863","-35,981",17,0,,,,,,,,,
,KY,0,0,0,-462,0,0,"2,172","14,601",0,0,,,,,,,,,
,CN,"380,186","1,327,043","1,707,230","76,286","-46,254","32,968","624,253","228,075","5,528","575,307",,,,,,,,,
,EG,0,"28,070","28,070","-5,596",-26,0,"90,396","16,090","1,436","133,294",,,,,,,,,
,FI,"44,312",0,"44,312","7,091","-2,413","1,644","10,166","8,377",123,"21,785",,,,,,,,,
,FR,"2,765,673","2,593,011","5,358,683","-155,438","111,144","18,003","7,468,540","-635,928","12,580","1,392,243",,,,,,,,,
,DE,"1,523,226","1,023,199","2,546,425","-24,051","-20,217","52,609","661,168","388,563","5,814","852,586",,,,,,,,,
,IN,"70,376","104,038","174,414","7,180","-4,960","3,144","72,466","7,064","1,450","77,956",,,,,,,,,
,IE,0,0,0,"2,189",-564,245,"144,992",-61,0,0,,,,,,,,,
,IT,"911,040","1,250,591","2,100,594","259,224","-54,797","65,058","2,060,459","-128,982","5,192","899,302",,,,,,,,,
,JP,"63,291","444,640","507,931","43,256","-15,809","15,330","6,450","44,769",394,"23,694",,,,,,,,,
,KI,0,0,0,0,0,0,0,0,0,0,,,,,,,,,
,LU,0,0,0,"-22,110",-281,253,"1,150,083","2,754,199",26,77,,,,,,,,,
,MX,"93,382","270,707","364,089","-27,508","-7,745","3,897","170,551","-540,338",198,"74,282",,,,,,,,,
,NA,"13,186","1,327","14,513","-16,893",0,0,0,"5,916",485,"7,978",,,,,,,,,
,NL,"88,221",0,"88,221","51,708",453,"4,616","410,387","31,646",124,"11,358",,,,,,,,,
,NZ,"2,140","4,140","6,280","1,283",-873,563,"2,995","2,762",23,181,,,,,,,,,
,PL,"104,242","94,726","198,967","2,760",-271,323,"47,154","-14,206",946,"126,820",,,,,,,,,
,PT,"46,788",0,"46,788","44,567","-1,089",625,"33,709","-47,752",784,"25,787",,,,,,,,,
,RU,52,"206,718","206,770","59,847","-14,720","11,934","50,305","-30,693",294,"13,579",,,,,,,,,
,SG,"118,395","202,180","320,574","134,174","-15,061","10,477","542,172","21,586",326,"43,085",,,,,,,,,
,KR,"956,826","919,536","1,876,362","-29,167","-13,412","20,594","496,526","456,404","3,022","554,610",,,,,,,,,
,KN,0,0,0,"-17,378",-616,434,129,"-138,134",0,0,,,,,,,,,
,CH,0,0,0,-244,"-1,369",-290,"32,227","10,868",50,"5,016",,,,,,,,,
,TH,"94,971","656,573","751,544","-59,054","-1,359",767,"351,293","325,501","1,696","563,067",,,,,,,,,
,GB,"84,953","216,283","301,236","-101,038","-1,120",-827,"2,549,140","-1,256,925",850,"86,761",,,,,,,,,
,US,"1,450,200","4,003,986","5,454,186","1,388,164","-131,663","462,853","1,438,064","274,912","4,562","1,585,125",,,,,,,,,
,UY,0,0,0,"-1,948",-138,69,"52,024","-79,674",0,0,,,,,,,,,
,VA,0,0,0,0,0,0,0,0,0,0,,,,,,,,,
,VE,0,"26,687","26,687","3,008",2,28,"13,344","14,259",0,"14,732",,,,,,,,,
,KE,"25,698","47,078","72,776","-42,246",-650,"3,157","190,682","669,386",50,"6,924",,,,,,,,,
,ZM,"46,485","600,943","647,428","-51,211","-1,434","2,236","298,278","387,975",272,"440,540",,,,,,,,,
,PH,"141,775","673,176","814,951","-75,313","-1,588","5,469","407,951","-12,676",915,"430,311",,,,,,,,,
,RO,"219,302","1,471,593","1,690,894","-35,437",344,-339,"929,083","12,557",0,"529,757",,,,,,,,,
,,,,,,,,,,,,,,,,,,,,
,,,,,,,,,,,,,,,,,,,,
// CBCR_Table2 records. One record for each country that an entity operates business in.,,,,,,,,,,,,,,,,,,,,
CBCR_Table2,entityCode,taxJurisdiction,taxJurisOfIncorporation,mainBusRAndD,mainBusHoldingIp,mainBusPurchasing,mainBusSalesMktDistr,mainBusAdminMgmtSupportSvc,mainBusProvSvcToUnrelatedParties,mainBusInternalGroupFinance,mainBusRegulatedFinSvc,mainBusInsurance,mainBusHoldingEquityInstruments,mainBusDormant,mainBusOther,mainBusOtherNotes,,,,
,RU=03389,AR,AR,,,,,,,,,,,,,,,,,
,RU=04054,AR,AR,,,,,,,,,,,,,,,,,
,RU=05686,AR,AR,1,,,,,,,,,,,,,,,,
,RU=00192,AU,AU,,,,,,,,,,,,,,,,,
,RU=60579,AU,AU,,,,,,,,,,,,,,,,,
,RU=00307,AT,AT,,,,,,,,,,,,,,,,,
,RU=06062,AT,AT,,,,,,,,,,,,,,,,,
,RU=00001,BE,BE,,,,,,,1,,,,,,,,,,
,RU=00003,BE,BE,,,,,,,,,,,,,,,,,
,RU=00005,BE,BE,,,,,,,,,,,,,,,,,
,RU=00231,BE,BE,,,,1,1,,,,,,,,,,,,
,RU=00237,BE,BE,,,,,,,,,,,,,,,,,
,RU=00292,BE,BE,,,,,,,,,,,,,,,,,
,RU=00454,BE,BE,,,,,,,,,,,,,,,,,
,RU=01205,BE,BE,,,,,1,,,,,,,,,,,,
,RU=01419,BE,BE,1,,,,,,,,,,,,,,,,
,RU=01426,BE,BE,,,,,,,,,,,,,,,,,
,RU=03445,BE,BE,,,,,,,,,,,,,,,,,
,RU=05649,BE,BE,,,,,,,,,,,,,,,,,
,RU=05672,BE,BE,,,,,,,,,,,,,,,,,
,RU=05697,BE,BE,,,,,,,,,,,,,,,,,
,RU=05763,BE,BE,,,,,,,,,,,,,,,,,
,RU=05898,BE,BE,,,,,,,,,,,,,,,,,
,RU=05974,BE,BE,,,,,,,1,,,,,,,,,,
,RU=05978,BE,BE,,,,,,,,,,,,,,,,,
,RU=05990,BE,BE,,,,,,,1,,,,,,,,,,
,RU=06035,BE,BE,,,,,,,1,,,,,,,,,,
,RU=06050,BE,BE,,,,,,,,,,,,,,,,,
,RU=06070,BE,BE,,,,,,,,,,,,,,,,,
,RU=06233,BE,BE,,,,,,,,,,,,,,,,,
,RU=06234,BE,BE,,,,,,,,,,,,,,,,,
,RU=75700,BE,BE,,1,,,,,,,,,,,,,,,
,RU=91130,BZ,BZ,,,,,,,,,,,,,,,,,
,RU=91330,BZ,BZ,,,,,,,,,,,,,,,,,
,RU=00309,BR,BR,,,,,,,,,,,,,,,,,
,RU=05685,BR,BR,1,,,,,,,,,,,,,,,,
,RU=06056,BR,BR,,,,,,,,,,,,,,,,,
,RU=62960,BR,BR,,,,,,,,,,,,,,,,,
,RU=63755,BR,BR,,,,,,,,,,,,,,,,,
,RU=65113,BR,BR,,,,,,,,,,,,,,,,,
,RU=68641,BR,BR,,,,,,,,,,,,,,,,,
,RU=71586,BR,BR,,,,,,,,,,,,,,,,,
,RU=75233,BR,BR,,,,,,,,,,,,,,,,,
,RU=75800,BR,BR,,,,,,,,,,,,,,,,,
,RU=81500,BR,BR,,,,,,,,,,,,,,,,,
,RU=95681,BR,BR,,,,,,,,,,,,,,,,,
,RU=95682,BR,BR,,,,,,,,,,,,,,,,,
,RU=03443,BG,BG,1,,,,,,,,,,,,,,,,
,RU=76550,CA,CA,,,,,,,1,,,,,,,,,,
,RU=05020,KY,KY,,,,,,1,,,,,,,,,,,
,RU=05876,CN,CN,1,,,,,,,,,,,,,,,,
,RU=05970,CN,CN,,,,,,,,,,,,,,,,,
,RU=05991,CN,CN,,,,,,,,,,,,,,,,,
,RU=05993,CN,CN,,,,,,,,,,,,,,,,,
,RU=06078,CN,CN,,,,,,,,,,,,,,,,,
,RU=06258,CN,CN,,,,,,,,,,,,,,,,,
,RU=61830,CN,CN,,,,,,,,,,,,,,,,,
,RU=65268,CN,CN,,,,,,,,,,,,,,,,,
,RU=65773,CN,CN,,,,,,,,,,,,,,,,,
,RU=68114,CN,CN,,,,,,,,,,,,,,,,,
,RU=68574,CN,CN,,,,,,,,,,,,,,,,,
,RU=68596,CN,CN,1,,,,,,,,,,,,,,,,
,RU=68752,CN,CN,,,,,,,,,,,,,,,,,
,RU=68782,CN,CN,,,,,,,,,,,,,,,,,
,RU=74053,CN,CN,,,,,,,,,,,,,,,,,
,RU=74992,CN,CN,1,,,,,,,,,,,,,,,,
,RU=77281,CN,CN,,1,,,,,,,,,,,,,,,
,RU=77971,CN,CN,,,,,,,,,,,,,,,,,
,RU=78104,CN,CN,,,,,,,,,,,,,,,,,
,RU=78115,CN,CN,,,,,,,,,,,,,,,,,
,RU=06046,EG,EG,,,,,,,1,,,,,,,,,,
,RU=00143,FI,FI,,,,,,,,,,,,,,,,,
,RU=00020,FR,FR,,,,,,,1,,,,,,,,,,
,RU=00244,FR,FR,,,,,,,1,,,,,,,,,,
,RU=00861,FR,FR,,,,,,,,,,,,,,,,,
,RU=01422,FR,FR,,,,,,,,,,,,,,,,,
,RU=01428,FR,FR,,,,,,,,,,,,,,,,,
,RU=03467,FR,FR,,,,,,,,,,,,,,,,,
,RU=03468,FR,FR,,1,,,,,,,,,,,,,,,
,RU=03469,FR,FR,,,,,,,,,,,,,,,,,
,RU=03470,FR,FR,,,,,,,,,,,,,,,,,
,RU=03471,FR,FR,,,,,,,,,,,,,,,,,
,RU=03490,FR,FR,1,,,,,,,,,,,,,,,,
,RU=04274,FR,FR,,,,,,,,,,,,,,,,,
,RU=05622,FR,FR,,,,,,,,,,,,,,,,,
,RU=05639,FR,FR,,,,,,,,,,,,,,,,,
,RU=05982,FR,FR,,,,,,,,,,,,,,,,,
,RU=05983,FR,FR,,,,,,,,,,,,,,,,,
,RU=06082,FR,FR,,,,,,,,,,,,,,,,,
,RU=06246,FR,FR,,,,,,,,,,,,,,,,,
,RU=10002,FR,FR,,,,,,,,,,,,,,,,,
,RU=10440,FR,FR,,,,,,,,,,,,,,,,,
,RU=38652,FR,FR,,,,,,,,,,,,,,,,,
,RU=39190,FR,FR,,,,,,,,,,,,,,,,,
,RU=39442,FR,FR,1,,,,,,,,,,,,,,,,
,RU=39727,FR,FR,,,,,,,1,,,,,,,,,,
,RU=39761,FR,FR,,,,,,1,,,,,,,,,,,
,RU=40032,FR,FR,1,,,,,,,,,,,,,,,,
,RU=40043,FR,FR,,,,,,,,,,,,,,,,,
,RU=40251,FR,FR,,,,,,,,,,,,,,,,,
,RU=55862,FR,FR,,,,,,,,,,,,,,,,,
,RU=57230,FR,FR,,,,,,,,,,,,,,,,,
,RU=95756,FR,FR,,,,,,,,,,,,,,,,,
,RU=00212,DE,DE,,,,,,,,,,,,,,,,,
,RU=00274,DE,DE,,,,,,,,,,,,,,,,,
,RU=00276,DE,DE,,,,,,,,,,,,,,,,,
,RU=01196,DE,DE,,,,,,,,,,,,,,,,,
,RU=01424,DE,DE,,,,,,,,,,,,,,,,,
,RU=04056,DE,DE,1,,,,,,,,,,,,,,,,
,RU=04058,DE,DE,,,,,,,,,,,,,,,,,
,RU=04060,DE,DE,,,,,,,,,,,,,,,,,
,RU=05642,DE,DE,,,,,,,,,,,,,,,,,
,RU=05674,DE,DE,1,,,,,,,,,,,,,,,,
,RU=05869,DE,DE,,1,,,,,,,,,,,,,,,
,RU=05907,DE,DE,,,,,,,,,,,,,,,,,
,RU=05965,DE,DE,,,,,,,,,,,,,,,,,
,RU=06063,DE,DE,,,,,,,,,,,,,,,,,
,RU=06267,DE,DE,,,,,,,,,,,,,,,,,
,RU=06288,DE,DE,,,,,,,,,,,,,,,,,
,RU=06289,DE,DE,,,,,,,,,,,,,,,,,
,RU=06290,DE,DE,,,,,,,,,,,,,,,,,
,RU=06291,DE,DE,,,,,,,,,,,,,,,,,
,RU=06292,DE,DE,,,,,,,,,,,,,,,,,
,RU=61117,DE,DE,,,,,,,,,,,,,,,,,
,RU=64501,DE,DE,,,,,,,,,,,,,,,,,
,RU=68793,DE,DE,,1,,,,,,,,,,,,,,,
,RU=77291,DE,DE,,,,,,,1,,,,,,,,,,
,RU=94058,DE,DE,,,,,,,,,,,,,,,,,
,RU=95642,DE,DE,,,,,,,,,,,,,,,,,
,RU=05955,IN,IN,,,,,,,,,,,,,,,,,
,RU=60591,IN,IN,,,,,,,,,,,,,,,,,
,RU=63481,IN,IN,,,,,,,,,,,,,,,,,
,RU=71542,IN,IN,,,,,,,,,,,,,,,,,
,RU=05854,IE,IE,,,,,1,,,,,,,,,,,,
,RU=00210,IT,IT,,,,,,,,,,,,,,,,,
,RU=00270,IT,IT,,,,,,,,,,,,,,,,,
,RU=00279,IT,IT,,,,,,,,,,,,,,,,,
,RU=00345,IT,IT,,,,,,,,,,,,,,,,,
,RU=01425,IT,IT,,,,,,,,,,,,,,,,,
,RU=02447,IT,IT,,,,,,,,,,,,,,,,,
,RU=03459,IT,IT,,,,,,,,,,,,,,,,,
,RU=05711,IT,IT,1,,,,,,,,,,,,,,,,
,RU=05835,IT,IT,,,,,,,,,,,,,,,,,
,RU=05881,IT,IT,,1,,,,,,,,,,,,,,,
,RU=05894,IT,IT,,,,,,,,,,,,,,,,,
,RU=62770,IT,IT,,,,,,,,,,,,,,,,,
,RU=80902,IT,IT,,,,,,,,,,,,,,,,,
,RU=00360,JP,JP,1,,,,,,,,,,,,,,,,
,RU=05846,JP,JP,1,,,,,,,,,,,,,,,,
,RU=61106,JP,JP,,,,,,,,,,,,,,,,,
,RU=74183,JP,JP,,,,,,,,,,,,,,,,,
,RU=76219,JP,JP,1,,,,,,,,,,,,,,,,
,RU=91140,KI,KI,,,,,,,,,,,,,,,,,
,RU=91141,KI,KI,,,,,,,,,,,,,,,,,
,RU=91340,KI,KI,,,,,,,,,,,,,,,,,
,RU=04233,LU,LU,,,,,,,1,,,,,,,,,,
,RU=05901,LU,LU,,,,,,,1,,,,,,,,,,
,RU=06044,LU,LU,,,,,,1,,,,,,,,,,,
,RU=06211,LU,LU,,,,,,1,,,,,,,,,,,
,RU=06294,LU,LU,,,,,,,,,,,,,,,,,
,RU=05720,MX,MX,,,,,,,,,,,,,,,,,
,RU=05726,MX,MX,,,,,,,1,,,,,,,,,,
,RU=05836,MX,MX,1,,,,,,,,,,,,,,,,
,RU=05837,MX,MX,,,,,,,,,1,,,,,,,,
,RU=06300,MX,MX,,,,,,,,,,,,,,,,,
,RU=65651,MX,MX,,,,,,,,,,,,,,,,,
,RU=74250,MX,MX,,,,,,,,,,,,,,,,,
,RU=03450,NA,NA,,,,,1,,,,,,,,,,,,
,RU=03451,NA,NA,,,,,,,,,,,,,,,,,
,RU=00012,NL,NL,,,,,,,,,,,,,,,,,
,RU=00294,NL,NL,,,,,,,,,,,,,,,,,
,RU=05997,NL,NL,,,,,,,,,,,,,,,,,
,RU=06012,NL,NL,,,,,,,,,,,,,,,,,
,RU=60691,NL,NL,,,,,,,,,,,,,,,,,
,RU=69757,NZ,NZ,,,,,,,,,,,,,,,,,
,RU=62683,PL,PL,1,,,,,,,,,,,,,,,,
,RU=75311,PL,PL,,,,,,,,,,,,,,,,,
,RU=00128,PT,PT,,1,,,,,,,,,,,,,,,
,RU=00306,PT,PT,,,,,,,,,,,,,,,,,
,RU=01429,PT,PT,,,,,,,,,,,,,,,,,
,RU=05960,PT,PT,,1,,,,,,,,,,,,,,,
,RU=05785,RU,RU,1,,,,,,,,,,,,,,,,
,RU=78980,RU,RU,,,,,,,,,,,,,,,,,
,RU=96019,RU,RU,,,,,,,,,,,,,,,,,
,RU=00364,SG,SG,1,,,,,,,,,,,,,,,,
,RU=05992,SG,SG,1,,,,,,,,,,,,,,,,
,RU=06266,SG,SG,,,,,,,1,,,,,,,,,,
,RU=60624,SG,SG,1,,,,,,,,,,,,,,,,
,RU=74973,SG,SG,,,,,,,1,,,,,,,,,,
,RU=00387,KR,KR,,,,,,,,,,,,,,,,,
,RU=03383,KR,KR,1,,,,,,,,,,,,,,,,
,RU=05957,KR,KR,,,,,,,,,,,,,,,,,
,RU=67460,KR,KR,,,,,,,,,,,,,,,,,
,RU=68630,KR,KR,,1,,,,,,,,,,,,,,,
,RU=75255,KR,KR,,,,,,,,,,,,,,,,,
,RU=00245,KR,KR,,,,,,,,,,,,,,,,,
,RU=01427,KR,KR,,,,,,,,,,,,,,,,,
,RU=03454,KR,KR,,,,,1,,,,,,,,,,,,
,RU=05696,KR,KR,,,,,,,,,,,,,,,,,
,RU=05713,KR,KR,,,,,,,,,,,,,,,,,
,RU=68826,KR,KR,,,,,,,,,,,,,,,,,
,RU=74161,KR,KR,,,,,,,,,,,,,,,,,
,RU=91120,KN,KN,,,,,,,,,,,,,,,,,
,RU=00062,KN,KN,,,,,,,,,,,,,,,,,
,RU=00125,CH,CH,,,,,,,,,,,,,,,,,
,RU=71708,CH,CH,1,,,,,,,,,,,,,,,,
,RU=00366,TH,TH,,,,,,,,,,,,,,,,,
,RU=00974,TH,TH,,1,,,,,,,,,,,,,,,
,RU=06020,TH,TH,,,,,,,,,,,,,,,,,
,RU=06027,TH,TH,,1,,,,,,,,,,,,,,,
,RU=60668,TH,TH,,,,,,,,1,,,,,,,,,
,RU=00240,GB,GB,,,,,,,,,,,,,,,,,
,RU=01473,GB,GB,,,,,,,,1,,,,,,,,,
,RU=04265,GB,GB,,,,,,,1,,,,,,,,,,
,RU=05658,GB,GB,,,,,,,,,,,,,,,,,
,RU=60513,GB,GB,,,,,,,1,,,,,,,,,,
,RU=60680,GB,GB,,,,,,,,,,,,,,,,,
,RU=60809,GB,GB,,,,,,,1,,,,,,,,,,
,RU=63911,GB,GB,,,,,,,1,,,,,,,,,,
,RU=66285,GB,GB,,,,,,,,1,,,,,,,,,
,RU=67710,GB,GB,,,,,,,1,,,,,,,,,,
,RU=73920,GB,GB,,,,,,,,1,,,,,,,,,
,RU=74435,GB,GB,,,,,,,,1,,,,,,,,,
,RU=77810,GB,GB,,,,,,,1,,,,,,,,,,
,RU=84499,GB,GB,,,,,,,,1,,,,,,,,,
,RU=01430,US,US,,,,,,,,,,,,,,,,,
,RU=03384,US,US,,,,,,,,,,,,,,,,,
,RU=03460,US,US,,,,,,,,,,,,,,,,,
,RU=04044,US,US,,,,,1,,,,,,,,,,,,
,RU=04045,US,US,,,,,,,1,,,,,,,,,,
,RU=04290,US,US,,,,,,,,,,,,,,,,,
,RU=04291,US,US,,,,,,,,,,,,,,,,,
,RU=05650,US,US,,,,,,,,,,,,,,,,,
,RU=05718,US,US,,,,,,,,,,,,,,,,,
,RU=05782,US,US,,,,,,,,,,,,,,,,,
,RU=05792,US,US,,,,,,,,,,,,,,,,,
,RU=05844,US,US,,,,,,,,,,,,,,,,,
,RU=05884,US,US,,,,,,,,,,,,,,,,,
,RU=05966,US,US,,,,,,,,,,,,,,,,,
,RU=05976,US,US,,,,,,,,,,,,,,,,,
,RU=06028,US,US,,,,,,,,,,,,,,,,,
,RU=60316,US,US,,,,,1,,,,,,,,,,,,
,RU=60327,US,US,,,,,,,1,,,,,,,,,,
,RU=62820,US,US,,,,,,,1,,,,,,,,,,
,RU=62830,US,US,,,,,,,,,,,,,,,,,
,RU=74249,US,US,,1,,,,,,,,,,,,,,,
,RU=94290,US,US,,,,,,,,,,,,,,,,,
,RU=95782,US,US,,,,,,,,,,,,,,,,,
,RU=97424,US,US,,,,,,,,,,,,,,,,,
,RU=60787,UY,UY,,,,,1,,,,,,,,,,,,
,RU=65146,UY,UY,,,,,1,,,,,,,,,,,,
,RU=84893,UY,UY,,,,,1,,,,,,,,,,,,
,RU=91110,VA,VA,,,,,,,,,,,,,,,,,
,RU=91111,VA,VA,,,,,,,,,,,,,,,,,
,RU=91115,VA,VA,,,,,,,,,,,,,,,,,
,RU=91150,VA,VA,,,,,,,,,,,,,,,,,
,RU=91210,VA,VA,,,,,,,,,,,,,,,,,
,RU=91310,VA,VA,,,,,,,,,,,,,,,,,
,RU=91350,VA,VA,,,,,,,,,,,,,,,,,
,RU=91410,VA,VA,,,,,,,,,,,,,,,,,
,RU=91510,VA,VA,,,,,,,,,,,,,,,,,
,RU=91610,VA,VA,,,,,,,,,,,,,,,,,
,RU=91910,VA,VA,,,,,,,,,,,,,,,,,
,RU=91914,VA,VA,,,,,,,,,,,,,,,,,
,RU=73942,VE,VE,,,,,,,,,,,,,,,,,
,RU=60784,MX,MX,,,,,,,,,,,,,,,,,
,RU=65144,MX,MX,,,,,,,,,,,,,,,,,
,RU=84898,MX,MX,,,,,,,,,,,,,,,,,
,RU=91147,KE,KE,,,1,,,,,,,,,,,,,,
,RU=91195,KE,KE,,,1,,,,,,,,,,,,,,
,RU=91355,KE,KE,,,,,,,,,,,,,,,,,
,RU=99578,KE,KE,,,,,,,,,,,,,,,,,
,RU=58769,KE,KE,,,,,,,,,,,,,,,,,
,RU=99875,KE,KE,,,,,,,,,,,,,,,,,
,RU=98550,KE,KE,,,,,,,,,,,,,,,,,
,RU=98546,KE,KE,,,1,,,,,,,,,,,,,,
,RU=57849,ZM,ZM,,,,,,,,,,,,,,,,,
,RU=91888,ZM,ZM,,,,,,,,,,,,,,,,,
,RU=23456,ZM,ZM,,,,,,,,,,,,,,,,,
,RU=98754,ZM,ZM,,,,,,,,,,,,,,,,,
,RU=73987,ZM,ZM,,,,,,,,,,,,,,,,,
,RU=04285,PH,PH,,,1,,,,,,,,,,,,,,
,RU=05608,PH,PH,1,,,,,,,,,,,,,,,,
,RU=05714,PH,PH,,,1,,,,,,,,,,,,,,
,RU=05763,PH,PH,1,,,,,,,,,,,,,,,,
,RU=05974,PH,PH,,,,,,,,,,,,,,,,,
,RU=05234,PH,PH,1,,,,,,,,,,,,,,,,
,RU=05093,PH,PH,1,,,,,,,,,,,,,,,,
,RU=78648,PH,PH,1,,,,,,,,,,,,,,,,
,RU=87645,PH,PH,,,,,,,,,,,,,,,,,
,RU=87674,RO,RO,,,,,,1,,,,,,,,,,,
,RU=60587,RO,RO,,,,,,1,,,,,,,,,,,
,RU=60346,RO,RO,,,,,,,,,,,,,,,,,
,RU=12345,RO,RO,,,,,,,,,,,,,,,,,
,RU=67864,RO,RO,,,,,,1,,,,,,,,,,,
,RU=74765,RO,RO,,,,,,,,,,,,,,,,,
,RU=94764,RO,RO,,,,,,,,,,,,,,,,,
,,,,,,,,,,,,,,,,,,,,
,,,,,,,,,,,,,,,,,,,,
// CBCR_Table3 records. Potentially one for each country and each Table1 field (summaryRef),,,,,,,,,,,,,,,,,,,,
CBCR_Table3,countryCode,summaryRef,mneGroupName,fiscalYearConcerned,additionalInfo,,,,,,,,,,,,,,,
,AR,CBC601,EY Sample Corp,2015,"The source data from EY spreadsheet needs to be processed to fill in necessary CBCR data fields, as colored cell indicates.",,,,,,,,,,,,,,,
,,,,,,,,,,,,,,,,,,,,
// CBCR_Property records. Potentially additional data that might be country specific beyond the OECD minimum requirements. Deferred for later iterations.,,,,,,,,,,,,,,,,,,,,
